name,type,prefab,rotYaxis,worldX,worldY,terrainX,terrainY,locationID,region,gisX,gisY,climate,sink,scale
Foothills,1,WOD_Mountain_Desert_04,-144,715,353,54,38,7155435338,Kozanset,715.421875,-353.703125,5.0,1,0.9693221230234832
Foothills,1,WOD_Mountain_Desert_05,141,716,353,26,31,7162635331,Kozanset,716.203125,-353.7578125,5.0,1,0.8639296390331079
Foothills,1,WOD_Mountain_Desert_05,-165,716,353,123,0,71612335300,Kozanset,716.9609375,-354.0,5.0,1,0.6827249038479875
Foothills,1,WOD_Mountain_Desert_02,-101,712,352,69,3,7126935203,Kozanset,712.5390625,-352.9765625,5.0,1,0.970500718569592
Foothills,1,WOD_Mountain_Desert_02,18,685,327,78,50,6857832750,Kozanset,685.609375,-327.609375,5.0,1,0.8442392131464905
Foothills,1,WOD_Mountain_Desert_07,-110,684,326,102,64,68410232664,Kozanset,684.796875,-326.5,5.0,1,0.6564862616232727
Foothills,1,WOD_Mountain_Desert_07,167,683,325,88,87,6838832587,Kozanset,683.6875,-325.3203125,5.0,1,0.6355304715969529
Foothills,1,WOD_Mountain_Desert_05,-116,713,353,10,22,7131035322,Kozanset,713.078125,-353.828125,5.0,1,0.725643122059161
