name,type,prefab,rotYaxis,worldX,worldY,terrainX,terrainY,locationID,region,gisX,gisY,climate,sink,scale
Foothills,1,WOD_Mountain_Desert_03,19,730,101,13,97,7301310197,Alcaire,730.1015625,-101.2421875,4.0,1,0.8082742533255259
Foothills,1,WOD_Mountain_Desert_06,-68,728,101,88,118,72888101118,Alcaire,728.6875,-101.078125,4.0,1,0.9806003857628144
Foothills,1,WOD_Mountain_Desert_03,-111,728,99,122,59,7281229959,Alcaire,728.953125,-99.5390625,4.0,1,0.6678042582334751
Foothills,1,WOD_Mountain_Desert_07,-136,728,100,119,115,728119100115,Alcaire,728.9296875,-100.1015625,4.0,1,0.8370045030047494
Foothills,1,WOD_Mountain_Desert_04,-88,730,101,47,100,73047101100,Alcaire,730.3671875,-101.21875,4.0,1,0.6962135496462917
