name,type,prefab,rotYaxis,worldX,worldY,terrainX,terrainY,locationID,region,gisX,gisY,climate,sink,scale
Rocks,1,WOD_Rocks_RoundSpiky_Small_05,-147,730,101,13,97,7301310197,Alcaire,730.1015625,-101.2421875,4.0,0.354137126662763,0.7685405112990319
Rocks,1,WOD_Rocks_RoundSpiky_Small_08,-28,728,101,88,118,72888101118,Alcaire,728.6875,-101.078125,4.0,0.4403001928814072,0.992671097467966
Rocks,1,WOD_Rocks_RoundSpiky_Small_03,-43,728,99,122,59,7281229959,Alcaire,728.953125,-99.5390625,4.0,0.2839021291167375,0.9317485992313604
Rocks,1,WOD_Rocks_RoundSpiky_Small_08,-35,728,100,119,115,728119100115,Alcaire,728.9296875,-100.1015625,4.0,0.3685022515023747,0.7745134130002953
Rocks,1,WOD_Rocks_RoundSpiky_Small_05,-167,730,101,47,100,73047101100,Alcaire,730.3671875,-101.21875,4.0,0.2981067748231458,0.9072354810976936
