name,type,prefab,rotYaxis,worldX,worldY,terrainX,terrainY,locationID,region,gisX,gisY,climate,sink,scale
Rocks,1,WOD_Rocks_RoundSpiky_Small_06,85,636,409,113,23,63611340923,Alik'r Desert,636.8828125,-409.8203125,4.0,0.3695901801358242,0.9759839811567752
Rocks,1,WOD_Rocks_RoundSpiky_Small_06,-94,637,410,84,41,6378441041,Alik'r Desert,637.65625,-410.6796875,4.0,0.3572694656746154,0.7939474465988158
Rocks,1,WOD_Rocks_RoundSpiky_Small_07,161,637,410,49,76,6374941076,Alik'r Desert,637.3828125,-410.40625,4.0,0.4080727225322289,0.8190811329628398
