name,type,prefab,rotYaxis,worldX,worldY,terrainX,terrainY,locationID,region,gisX,gisY,climate,sink,scale
Rocks,1,WOD_Rocks_RoundSpiky_Small_04,-7,715,353,54,38,7155435338,Kozanset,715.421875,-353.703125,5.0,0.4346610615117416,0.7799928099434742
Rocks,1,WOD_Rocks_RoundSpiky_Small_09,56,716,353,26,31,7162635331,Kozanset,716.203125,-353.7578125,5.0,0.3819648195165539,0.99679185533925
Rocks,1,WOD_Rocks_RoundSpiky_Small_05,32,716,353,123,0,71612335300,Kozanset,716.9609375,-354.0,5.0,0.2913624519239937,0.8693730957924037
Rocks,1,WOD_Rocks_RoundSpiky_Small_01,44,712,352,69,3,7126935203,Kozanset,712.5390625,-352.9765625,5.0,0.435250359284796,0.9940125688757762
Rocks,1,WOD_Rocks_RoundSpiky_Small_03,13,685,327,78,50,6857832750,Kozanset,685.609375,-327.609375,5.0,0.3721196065732453,0.801582265378162
Rocks,1,WOD_Rocks_RoundSpiky_Small_02,117,684,326,102,64,68410232664,Kozanset,684.796875,-326.5,5.0,0.2782431308116364,0.9824297020699424
Rocks,1,WOD_Rocks_RoundSpiky_Small_08,-69,683,325,88,87,6838832587,Kozanset,683.6875,-325.3203125,5.0,0.2677652357984764,0.8707452664720456
Rocks,1,WOD_Rocks_RoundSpiky_Small_08,-144,713,353,10,22,7131035322,Kozanset,713.078125,-353.828125,5.0,0.3128215610295805,0.8894914275189643
