name,type,prefab,rotYaxis,worldX,worldY,terrainX,terrainY,locationID,region,gisX,gisY,climate,sink,scale
Foothills,1,WOD_Mountain_Desert_04,23,636,409,113,23,63611340923,Alik'r Desert,636.8828125,-409.8203125,4.0,1,0.8391803602716484
Foothills,1,WOD_Mountain_Desert_04,-74,637,410,84,41,6378441041,Alik'r Desert,637.65625,-410.6796875,4.0,1,0.8145389313492308
Foothills,1,WOD_Mountain_Desert_05,102,637,410,49,76,6374941076,Alik'r Desert,637.3828125,-410.40625,4.0,1,0.9161454450644578
